model,n_seeds,n_steps,cells,n_subsets,rho_mean,rho_min,rho_max,retained_pct,vs_full_ci_lo,vs_full_ci_hi,forwards
sd3,1,1,1,6,0.1728,0.1607,0.1952,90.8,-0.0273,-0.0074,32
sd3,1,2,2,3,0.1801,0.1735,0.1855,94.6,-0.0172,-0.0031,36
sd3,2,1,2,6,0.1824,0.1708,0.1991,95.8,-0.0132,-0.0027,64
sd3,2,2,4,3,0.1868,0.184,0.19,98.1,-0.0061,-0.0009,72
sd3,3,1,3,2,0.1863,0.1818,0.1908,97.9,-0.0074,-0.0006,96
sd3,3,2,6,1,0.1904,0.1904,0.1904,100.0,0.0,0.0,108
flux,1,1,1,6,0.1852,0.172,0.1995,87.7,-0.0346,-0.0174,12
flux,1,2,2,3,0.1951,0.1855,0.2044,92.4,-0.0214,-0.0105,16
flux,2,1,2,6,0.2003,0.1902,0.2087,94.9,-0.0156,-0.0062,24
flux,2,2,4,3,0.2068,0.2026,0.2099,98.0,-0.0064,-0.0023,32
flux,3,1,3,2,0.2068,0.2064,0.2072,98.0,-0.0079,-0.0008,36
flux,3,2,6,1,0.2111,0.2111,0.2111,100.0,0.0,0.0,48
qwen,1,1,1,6,0.2173,0.1783,0.2405,90.7,-0.0321,-0.012,38
qwen,1,2,2,3,0.227,0.2063,0.2415,94.8,-0.0192,-0.0059,42
qwen,2,1,2,6,0.2304,0.2145,0.2444,96.2,-0.015,-0.0031,76
qwen,2,2,4,3,0.236,0.2275,0.2449,98.5,-0.0061,-0.0009,84
qwen,3,1,3,2,0.2352,0.2306,0.2397,98.2,-0.0088,0.0003,114
qwen,3,2,6,1,0.2395,0.2395,0.2395,100.0,0.0,0.0,126
