model,statistic,n,rho,diff_vs_cosine,diff_ci95
sd3,cosine,300,0.1442868592220834,0.0,"[0.0, 0.0]"
sd3,projection,300,0.14196888392089566,-0.0023179753011877413,"[-0.04595435746696389, 0.043978615748155356]"
sd3,magnitude,300,0.0893830218209596,-0.0549038374011238,"[-0.16113237233158587, 0.0575291163163568]"
flux,cosine,300,0.18966315642637305,0.0,"[0.0, 0.0]"
flux,projection,300,0.19922185199795428,0.009558695571581233,"[-0.026725790489321628, 0.047366307151600874]"
flux,magnitude,300,0.11597526178951678,-0.07368789463685627,"[-0.2087785866760623, 0.06127094458148901]"
qwen,cosine,300,0.19919665790907415,0.0,"[0.0, 0.0]"
qwen,projection,300,0.14388480127065653,-0.05531185663841762,"[-0.09019716233707498, -0.024228985119366397]"
qwen,magnitude,300,-0.04714703335526412,-0.24634369126433828,"[-0.3768356338898152, -0.105815746068727]"
