model,probe,n,rho,deployed,diff_vs_deployed,diff_ci95
sd3,step 2,300,0.16514669415619784,False,0.020859834934114446,"[-0.05789523061058875, 0.1089980254077968]"
sd3,step 6,300,0.1573258042059882,True,0.013038944983904815,"[-0.012217249601059752, 0.04063161760158605]"
sd3,step 10,300,0.12542638423083732,True,-0.018860474991246073,"[-0.04853234920114995, 0.010222351200729191]"
sd3,step 14,300,0.15419064850789146,False,0.009903789285808068,"[-0.0449353031465893, 0.06519205594801813]"
sd3,step 18,300,0.15576284045130576,False,0.01147598122922236,"[-0.04995860705388542, 0.07645596297423017]"
sd3,step 22,300,0.109205414063961,False,-0.03508144515812239,"[-0.11497540809651202, 0.042815913636461124]"
sd3,deployed pair,300,0.1442868592220834,True,0.0,"[0.0, 0.0]"
sd3,all steps pooled,300,0.16283697565545438,False,0.018550116433370983,"[-0.01102415072797309, 0.04849343979300788]"
flux,step 0,300,0.17739593026851364,False,-0.012267226157859412,"[-0.11471262244529273, 0.08647696002673955]"
flux,step 1,300,0.25001095613552904,False,0.06034779970915599,"[-0.005979265712438858, 0.12458348636981134]"
flux,step 2,300,0.18501097137326278,True,-0.004652185053110269,"[-0.035237382633530684, 0.023764228996080546]"
flux,step 3,300,0.17767875158433488,True,-0.011984404842038165,"[-0.04406595794121621, 0.019852430310196265]"
flux,step 5,300,0.13646923997534582,False,-0.05319391645102722,"[-0.13215813161833564, 0.027672648645739824]"
flux,step 7,300,0.027038287709521856,False,-0.1626248687168512,"[-0.2859843787246303, -0.036711529325807936]"
flux,deployed pair,300,0.18966315642637305,True,0.0,"[0.0, 0.0]"
flux,all steps pooled,300,0.21777573769825878,False,0.028112581271885734,"[-0.014504898610126674, 0.0712974319096035]"
qwen,step 10,300,0.19088318873635302,True,-0.008313469172721133,"[-0.03319556840459425, 0.016399025843326313]"
qwen,step 16,300,0.20374629219415108,True,0.004549634285076931,"[-0.029486830714781007, 0.03931126235062037]"
qwen,deployed pair,300,0.19919665790907415,True,0.0,"[0.0, 0.0]"
qwen,all steps pooled,300,0.19919665790907415,False,0.0,"[0.0, 0.0]"
