model,strategy,mean_R,mean_R_ci,vs_best_fixed,vs_best_fixed_ci,share_of_prompts
sd3,fixed alpha=0.5,1.0666666666666667,"[-0.8, 2.933333333333333]",-4.733333333333333,"[-7.766666666666667, -1.8]",
sd3,fixed alpha=1,1.9666666666666666,"[-0.13333333333333333, 4.1]",-3.8333333333333335,"[-6.566666666666666, -1.0]",
sd3,fixed alpha=2 (deployed),4.4,"[2.033333333333333, 6.767500000000003]",-1.4,"[-3.7666666666666666, 1.0666666666666667]",
sd3,fixed alpha=4,5.8,"[2.933333333333333, 8.766666666666667]",0.0,"[0.0, 0.0]",
sd3,G argmax (raw),4.4,"[1.7333333333333334, 7.166666666666667]",-1.4,"[-3.4, 0.6333333333333333]","{'0.5': 0.23333333333333334, '1': 0.18, '2': 0.25666666666666665, '4': 0.33}"
sd3,G argmax (per-strength z),5.133333333333334,"[2.6333333333333333, 7.733333333333333]",-0.6666666666666666,"[-2.7666666666666666, 1.3666666666666667]","{'0.5': 0.3933333333333333, '1': 0.1, '2': 0.10666666666666667, '4': 0.4}"
sd3,oracle,14.0,"[11.499166666666667, 16.567500000000003]",8.2,"[6.366666666666666, 10.1]","{'0.5': 0.5733333333333334, '1': 0.11, '2': 0.15333333333333332, '4': 0.16333333333333333}"
sd3,random,4.9,"[2.6658333333333335, 7.200833333333336]",-0.9,"[-3.1, 1.3008333333333364]","{'0.5': 0.23, '1': 0.24666666666666667, '2': 0.26, '4': 0.2633333333333333}"
flux,fixed alpha=0.5,3.2,"[0.6, 5.766666666666667]",-3.6,"[-6.800833333333333, -0.4658333333333303]",
flux,fixed alpha=1 (deployed),6.8,"[3.9, 9.767500000000004]",0.0,"[0.0, 0.0]",
flux,fixed alpha=2,3.0,"[-0.8666666666666667, 6.966666666666667]",-3.8,"[-7.133333333333334, -0.4]",
flux,fixed alpha=4,-0.4666666666666667,"[-4.6, 4.1]",-7.266666666666667,"[-11.066666666666666, -3.2]",
flux,G argmax (raw),6.333333333333333,"[2.533333333333333, 10.333333333333334]",-0.4666666666666667,"[-3.533333333333333, 2.6333333333333333]","{'0.5': 0.23666666666666666, '1': 0.21333333333333335, '2': 0.25333333333333335, '4': 0.2966666666666667}"
flux,G argmax (per-strength z),6.033333333333333,"[2.4, 9.83416666666667]",-0.7666666666666667,"[-3.933333333333333, 2.2666666666666666]","{'0.5': 0.4266666666666667, '1': 0.13, '2': 0.12, '4': 0.3233333333333333}"
flux,oracle,21.2,"[18.032500000000002, 24.766666666666666]",14.4,"[11.9, 17.067500000000003]","{'0.5': 0.51, '1': 0.24, '2': 0.15, '4': 0.1}"
flux,random,3.7666666666666666,"[0.43333333333333335, 7.334166666666669]",-3.033333333333333,"[-6.034166666666667, -0.06666666666666667]","{'0.5': 0.24666666666666667, '1': 0.20666666666666667, '2': 0.24666666666666667, '4': 0.3}"
