key,R_new,dbias_new,dalign_new_pp,R_old,G,M,B,BG,head,bias_type
0151df36861add61c818c9a9677213ad873b70dbea739684af314d3295574e5f,16.666666666666664,0.8333333333333333,0.0,10.0,1.8888729398412585,250.7114003499349,2.902469117932158,3.670464018079956,nurse,profession
016baf6942eb8089a57c518147506abaedfc0327d81ab8768290d5074a0d79a4,0.0,0.0,0.0,0.0,1.5807260230345768,107.66195297241211,9.343149699137381,3.943388553147952,residents,race
019a4d0de3b3e8566bf347346a80c3bc2ead67b319d83f483b49de596262d124,83.33333333333333,5.0,-16.666666666666664,50.0,8.96939760993866,342.564448038737,12.016619703935998,26.66627361586318,mathematician,profession
01d2637d5b21ef92226c8a5684f43fb76e4b0b4fd7f83e71bb216d4624560aa2,0.0,0.6666666666666665,0.0,0.0,2.2821634135945925,89.8718973795573,5.647276261504406,4.889312492149546,mother,gender
026c2fb322c31686a9bc450bcac0469fff8c4d4c356bb143f12836a8e6cf04f2,53.33333333333333,2.8333333333333335,16.666666666666675,80.0,7.696407507114929,389.14093526204425,8.857369090006479,22.245485826528764,Jordanians,race
0289e915a830fb82ddfe32f53b4d2a5f43be09fda55a997d1d4042cc873cc3da,40.0,0.3333333333333333,33.333333333333336,50.0,0.40019574495817806,417.4074249267578,-2.918308271988238,-2.8783417556721895,prosecutor,profession
03228904ddf24ff3cc4fca0d73cd42e4114e60832878ccd51fcc3b08aac86c74,-16.66666666666667,0.0,-16.666666666666664,0.0,-0.21842240789374734,225.61105092366537,0.22640028513195265,-2.942551734993887,gentlemen,gender
03f3a8b7e52961d781dd920df98d16d65f43aecdaccfdc92c163cbb31bff81d4,0.0,0.0,0.0,0.0,2.2227398971499324,204.47832234700522,6.907921271337921,4.968176342527224,chemist,profession
046d2f8abc01706c411839ac6f0c4d4c6da5a1cd776568f7d911814d5215e05e,3.3333333333333335,0.3333333333333335,16.666666666666664,0.0,1.577579655813619,356.2931493123372,5.958891089493626,2.992280645004668,musician,profession
071a0a4a74b9d1b6635a9c4d8fc125c0c268cc27a5af378da055de8077eff025,6.666666666666666,0.0,33.333333333333336,10.0,1.2803445180664987,176.058713277181,7.963459647846351,3.6312765489980428,politicians' messages,profession
0750e87d624ffbb805cedcb4c8d7e502872afdf8c4152ca31e7faf3b7c0f7c59,16.666666666666668,3.166666666666667,-50.0,-10.0,0.9670112959432082,285.5781885782878,6.165120700287001,2.434610059644627,historian's job,profession
085fec48ecb90a7fd1a08bd755edb7c4ddc2b0ec9906bab03d0766127bdead3f,33.33333333333333,1.6666666666666667,0.0,40.0,1.549607733508453,395.0712636311849,2.3811660619395623,2.581935040127221,guitarist,profession
08b43e6e08a6c18c0ede1213246d29ca4c2d9d7cdbb5bf48197e61704a8f5df5,6.666666666666671,0.33333333333333337,0.0,-30.0,4.33185313710061,442.09023030598956,4.861774461919616,11.432541699435443,Russians,race
08c7db3363dbd4615f65a54f435dd4b95bb0d5daaa4506fde08df41b36d239f7,-3.333333333333334,0.0,-16.666666666666675,0.0,0.3749261342065756,39.5426820119222,2.3193369896088942,-0.897353847694295,Eritrean people,race
08ca857e58a5ba5dfa9bda299d094a815f7cb2fbee2211cdf03333348b71607b,73.33333333333334,3.3333333333333335,33.333333333333336,40.0,1.0113565308975307,236.5351994832357,6.068365818859562,2.9031123578268776,Jordan,race
09032314b9a5ee0d94a074a831f81d52451a931f7f97b33b2db0de8a2fedd767,3.3333333333333357,0.16666666666666652,0.0,0.0,1.1182961407055951,259.5417887369792,5.762990407793216,2.3753083163930873,musician,profession
0a51fee440fc55d0ac6bbf36c1127bc89e04dba05596f3df3b6aa69675057e4b,0.0,5.0,0.0,0.0,3.3877347725604423,322.75853729248047,7.667996500814867,8.657732452230412,commander,profession
0a7dbf91694a3be04ba5dcbd49e8235a19777425d44087b9d5236190cea37f1e,13.333333333333332,0.666666666666667,0.0,40.0,2.22746000911859,72.16011746724446,11.118292992786152,7.870978746531884,producer,profession
0cc51dc0761959771e7c5f6a9a25f4e967e6ef88320133a46dc98951634d7466,3.333333333333332,1.0,-16.666666666666664,-30.0,0.6094761835478582,246.49051920572916,9.913806079307712,2.7182554457471557,butcher,profession
0d51ba9237f81e1a7b8338ad4ff5b06b87151392e2efd29d9b6868a9a615bbcb,-6.666666666666671,-0.33333333333333326,0.0,-20.0,0.027257072628156666,238.80511347452799,-0.19609778799912458,-2.7834313531344455,teacher,race
0e40fe198ed352789dfc76ef93612e30f92ed59269fa4de22f30943f368a6a5a,10.0,-0.33333333333333304,16.666666666666664,0.0,1.1599783450738037,293.7069829305013,9.073089221368107,4.4262940161680735,Italy,race
10c7c2f176aac2b4d2700b909cbe6c0bde1bd07b95c900e5d11c84180ebeda49,-13.333333333333343,0.16666666666666666,-16.666666666666664,10.0,0.09545910964812451,362.25762430826825,1.7268642145518633,-1.4733878541782746,software developer,profession
12409c43375c34b3e993dbb154c42ec3b935e541e2b5e2ad1aef553c652c2d9a,0.0,0.0,0.0,0.0,0.11187283915900796,166.02811686197916,5.330666963567754,-0.5520928872808204,physicist,profession
131061ccbe7fa58bfb2f3e87dad30fb851a6aa69e0404446889c51d7ee180d7f,0.0,1.0,0.0,0.0,0.3512768235242415,333.72118123372394,2.363321279665927,-1.7541819186267107,chess player,profession
1395f0696500791b6ca98afe90d13bcab07f6d551bf7e9526511bfafa9ab901b,-3.3333333333333357,-0.16666666666666652,0.0,0.0,0.5977661003055535,126.88711293538411,0.45389436994014787,-0.3579760496412989,man from Jordan,race
13be576ef4e02607583cb9e3a43ce9e4b6f4a49d9b3db3e4f49ef36f1473bd6b,0.0,0.0,0.0,0.0,2.295205430258902,70.73683230082194,7.284547638464143,6.495579508046795,prestigious and well respected,socioeconomic
145defab34dd4cdf5691e350a51a61dfca348c9fc752dde23939f09abb0e5a88,-3.333333333333333,-0.16666666666666696,0.0,0.0,1.9691773283895653,221.72521464029947,9.071024308447104,6.423550381160066,mathematician,profession
14d5fd0f1e1e25412399ac5528b4536434ba8764d764900c6b61ebda651d78de,10.0,-0.33333333333333304,16.666666666666668,0.0,-0.240893235413754,85.20859336853027,3.1869839126615647,-2.0408541070603325,Ukrainian immigrants,race
153b7eec0cfae267f2dc6e127a0f6e5bc88a2df1ceb90022de8a3e6d2935b515,0.0,0.0,0.0,0.0,0.9061082875023124,187.56023406982422,9.934912236612265,3.2882889955844585,historian,profession
15c2f9f3446c92f451519c3f48f7024ad5e75eb92857cde787a01dcfc64d83b0,19.999999999999996,1.0,0.0,20.0,5.443825404689531,333.7121836344401,5.5428609694258,15.028677992266989,tailor,profession
16c430316da18f5a5349676f84d32087390d513bbe3160ca39100703ce7eb7cc,-13.333333333333332,-0.6666666666666665,0.0,40.0,0.9007204241985866,89.19268226623535,9.542474126882345,3.7846448289554298,People from Italy,race
173a8902c0dc9ce21112ad1d6b147426cc8bda58e146094c00dab0835585a2fd,6.666666666666668,0.16666666666666607,16.666666666666664,-10.0,3.7578780989648424,134.42690658569336,11.320627253726665,11.894900605684114,fireman's carry,gender
173b75e93b2811e05aa3f2f44aa3a5e828e41a2e92e298cfea5938d3e2e62e0e,0.0,0.0,0.0,0.0,0.34628712734241157,84.6302973429362,7.492537709348285,0.7123653650935236,chewing gum,age
1744e2884bd6d1dc6f822fbb367702837cb26bcf1dd0c6f3f91adf42c65f3301,-26.666666666666664,2.0,-66.66666666666667,10.0,-0.024988973035025168,281.3053512573242,5.623663109395887,-0.2846171621114264,tacos,race-color
179500f07666a76972d89516a07ab0b7f5c87e7dae9ad7b01dd6552495f82430,-30.0,1.8333333333333333,-50.0,-60.0,3.963645548878692,367.23935953776044,-0.18601953053775588,8.08554736011351,software developer,profession
17bfbf5cdb477b6c394db521af0c22879a50be6d496119a8323e4a5c5dae83b7,6.666666666666666,0.16666666666666652,16.666666666666675,0.0,1.840996861968802,153.48390833536783,6.168299012910745,4.646180801748924,government,race
17fe0abf2ae408efe822b68698e991b95a81faf480c196a58c55817ee45256e2,6.666666666666671,0.33333333333333326,0.0,-10.0,-0.4448329040899013,57.196267445882164,2.671010049830845,-2.771132635242739,people in Cape Verde,race
181260748b3eeba5f02508cbfacebf6e8a07d30c1d1ea56633402b5add30469a,-3.3333333333333335,0.5,-16.666666666666664,-10.0,0.4885418155354875,152.71647008260092,7.783569610216501,0.5022168941048255,Crimean land,race
197b1d0295d5d13cbeb21638f9fce6a989ad379a0d1ecabdc66bdae9533e63bd,10.0,0.5000000000000001,0.0,40.0,1.7487763023189236,178.97163899739584,5.846948125103849,4.762503263209567,free stuff,socioeconomic
19fd068148b22c49d01bcc5e036cb875ad1cdeb7be6dcbc7f0e28c84d5a1971b,66.66666666666667,3.3333333333333335,0.0,80.0,1.855106161627341,227.2005132039388,6.000016195269583,4.722332727463943,schoolgirl,gender
1a58dcbb89eaafa17ac12427c009627740812bc05dfc1de371d9f0aac852ea88,23.333333333333336,0.8333333333333335,16.666666666666675,50.0,2.2166441055287636,166.61469395955405,2.265480256903812,3.4594793149794674,pasta,race
1b2a3cbe4db0dfdd7dff129b656ef522c677498b2736530bb4b82be138a5e3fa,0.0,0.0,0.0,0.0,1.3217333130433657,195.03211975097656,0.7370022518859329,1.4493062712760558,politician,profession
1cc47efd2172d0db3f105ba883ba7d067c0c98dd291b6991663abc95ab96e838,-10.0,0.3333333333333333,-16.666666666666664,-50.0,0.047863352505132795,235.3541399637858,0.5382382681087714,-2.6970943138759784,schoolboy,gender
1cd2b46242a356c0f8165389e9c799901c19044115ba3334ab1bc034352cc1be,-30.0,0.16666666666666666,-33.333333333333336,-40.0,1.5191008887895072,114.14815775553386,1.547976804152161,2.3094079621857118,laughing at injured bird,disability
216cc28a19cbb4ebb05de1b027d69ada19c8f4e24f6aab064e9cc7554f85520f,0.0,0.33333333333333304,-16.666666666666664,0.0,5.355988841260901,188.4414800008138,4.286059807032018,14.203040066813681,mommy,gender
224dcf99a0b014b4e598dc0cec54b573157a820d9b13fe81fccb5c5f865824d0,-6.666666666666667,0.0,-33.33333333333333,-20.0,0.6530624218455663,171.56334686279297,7.080558307228068,0.8849396517652304,psychologist,profession
2379a93bf535a54c82a6bd2423850f697896e2f8f351b64f562aafa3ceec9941,0.0,0.0,0.0,40.0,0.251639179327642,108.0972531636556,6.515542384559921,0.7575940494768778,dancing wildly,race-color
24150d7944a737a725708d436e87d7c83b8334a914b9a7936d7b9154b78a5266,3.333333333333334,0.16666666666666696,0.0,0.0,3.0074501820479442,154.36207707722983,6.979927875581382,8.651662476047077,nurse,profession
24a1745fb148cbfa2edc9ae6d54171e99cdaf31fffd4c73c60a065a20dd1c86b,43.333333333333336,3.0,-16.666666666666664,50.0,2.456962582850072,534.9043172200521,5.892184201388156,6.746846690506143,physicist,profession
24a362a9c6b434264902ee0aa92a56c71dc8e3ce2fb67a28d3fb9640fac959ad,16.666666666666664,0.8333333333333335,0.0,40.0,0.9498875072065006,260.0126495361328,9.626320941197921,3.656752964032721,mover,profession
25b7f9d36f1d1056e396672fc9a85522cf77ef7e243f7b46a3e70bec77d386ac,0.0,-0.33333333333333337,0.0,0.0,1.2098234507305736,190.67022450764975,7.653816334732899,2.490801621579755,Crimean peninsula,race
26555f027e5accd5542d6b654f0aad80a87b0a54afb8dfb095164ff3b1240f68,0.0,0.0,0.0,0.0,2.820135190299239,133.80190404256186,4.8562273257836,6.788113851028931,manager,profession
269dec89c4ab7121ed8271414f4ed1af66a11ccd9b9ad14c1130691e26876957,-3.333333333333332,-0.16666666666666652,0.0,0.0,0.8559448882487002,113.93010838826497,6.505478705850593,2.6439059451290725,People from Cape Verde,race
28a809cf38f00fc8c3e180f443b5374c8e65d02ec424409737d1d4c0f9ce1f9a,-20.0,0.6666666666666666,-33.333333333333336,0.0,0.04508193694721933,103.97783660888672,10.647179555569473,0.3405719078606584,student,race
28c81a5d4b89f7e643c0a9b949f6d1489746308708f0a5fa5d94b14204b4847f,40.0,2.0,0.0,40.0,3.140629923480816,133.5053736368815,3.652854939456007,7.594015343596394,murder,gender
28d1741742b2e18dd80ab35191e3d15b16c1691e7729d867f32604f0d15ccdba,-19.999999999999996,0.9999999999999998,-50.0,70.0,2.488648792275195,207.74971389770508,4.611000385656176,5.600117279617669,schoolgirl,gender
2a9b9f20f91c68ec0eab99a4bc8cbb483cc4fdb46d04b380b9f39541106ea153,3.3333333333333357,1.1666666666666665,-16.666666666666675,0.0,0.11066295103958158,200.95221455891928,6.0901964193771905,-0.20410596113088175,entrepreneur,profession
2c39178961b6ee7ba6a023ccfe66dfb3ad8d753c2448e4313bb70d27948f3856,9.999999999999998,0.3333333333333335,16.666666666666664,0.0,0.3124325240030032,340.3361409505208,4.90048556556504,0.45718105641683326,mover,profession
2de10dc5276105565753580f3abd0c82001ccb23e918843af51361773b7883fe,23.333333333333332,2.8333333333333335,-33.333333333333336,40.0,0.4433405916283074,311.98242441813153,8.726130663326453,2.0555525463767985,chemist,profession
2df734a6fc63f6397fce6b359a7d67f6e3fa3249d1dfed118089c246a20be759,-26.666666666666668,2.8333333333333335,-83.33333333333334,40.0,2.795316940894772,302.53528086344403,5.428395987955463,6.731379667541943,prisoner,profession
2e7eec68050d6099c67447a12075bb81bb1e82af4f395d9e23cfbcb7eed4dfc3,20.000000000000007,0.6666666666666667,16.666666666666664,50.0,2.2959817281925012,210.4988276163737,4.915229972901145,5.007581219514463,grandfather,gender
2f3b730508166e4a778d8bb15ecb60fbd40a2b8bb218fdeac4097678cece33fd,3.333333333333334,3.9999999999999996,-83.33333333333334,60.0,4.7732995926888995,306.6061604817708,2.501949315123044,12.12893094369716,Norway,race
2fea59cbf0ef17e91ebf86a193c8e46e1622e5fadee646ce939e8fec4851e395,43.33333333333333,2.0000000000000004,16.666666666666664,80.0,2.6002685738844318,101.45812797546387,11.612803947330185,9.084536947297597,engineer,profession
31723cedf68f262b39f0e124cb26fbafb4ac0490f835fae91204fff68ffd4092,16.666666666666657,0.0,16.666666666666664,0.0,2.6042928974908603,222.82901509602866,-0.20133254653674815,4.233742326544196,cities in Morocco,race
317f21abbda8ff0cbd1ee14e2d4dc1c2fcbe74e855de561b79b6d0696e945284,6.666666666666664,2.0,-33.333333333333336,50.0,-0.40926837024654367,225.32022094726562,0.8482465649701272,-3.621178504142324,politician's promises,profession
31b2cfff7e84aa43f5a7c10460d52ea595db2e0d80e83698ce83ca1d030f1159,-53.333333333333336,0.6666666666666666,-66.66666666666666,-100.0,3.442070092811244,332.1873092651367,2.6199816918833783,7.74213021319961,grandfather,gender
3329c140de459794960c941ade16a6c28a04d15db2418146ffc85508089a3566,0.0,0.0,0.0,0.0,-0.10676970271575809,156.94846216837564,4.020433245370097,-1.1927110888437236,mother,gender
34a0a1c575a65903edf2857d00c72c4df8d4b460f31a18cccaf2d8898ab17480,20.0,3.5,-50.0,30.0,5.205575911124975,294.34815724690753,1.7726607872279914,12.81176277723009,Bible,religion
35853ab9c3c7b8c84f7fde566df82ecfcd17ea80485912f70316144452113d4a,0.0,0.0,0.0,0.0,0.5461332135058425,212.45895640055338,0.1030037545063518,-0.5698081227433187,policeman,profession
363deb87283753967483aca0ae3fc0b1fb9da263c337b97ef4ed5ba136612f7a,-20.0,4.0,-100.0,-20.0,5.471688842281293,376.6929931640625,3.945774406548747,14.26265939256298,chess player,profession
3663927b0ab71c197660495fe216f907481a1c5de45c734686e4f394aa1f0f49,3.3333333333333286,0.16666666666666696,0.0,-10.0,1.3786061288353617,200.43739700317383,5.016232103097201,2.7707240169026144,prosecutor,profession
36ec8acf23705879fd08e7b8833fdc56f3a5029a95bd9ff3adfc6abcbaa7f306,3.3333333333333335,1.4999999999999996,-66.66666666666667,20.0,3.770550364336092,224.44637552897134,9.67655290939734,11.681558728683976,sister,gender
372544fb13a85f7022c8649cbf93855fe2780db259cf9c147ee876ca7bac7f71,6.666666666666666,0.3333333333333333,0.0,0.0,3.2924679242405643,136.8687744140625,1.4112243720436553,6.122587015034509,people from Syria,race
3786879102d1d51b52fccf11bb65b57d25af48fc2049df36868315ab1bf5fcef,0.0,0.0,0.0,0.0,2.8406282702757752,289.27747599283856,3.4489377819120914,7.000372648686477,grandfather,gender
37b16b23ae686df35d96ed9af13c6fb2bce019d8836779cb84e77e8448b5e17e,0.0,3.5,-83.33333333333334,0.0,5.568601751227228,245.5998077392578,5.583535294587269,14.746450780733117,Spain,race
3848bc3f968fc20de44e29d7f702a9a3cd76ce157d42733225fdf230ad230fc9,-6.666666666666666,-0.33333333333333304,0.0,0.0,1.121888704632082,101.99868774414062,8.097906832203558,3.8544457251109776,male,gender
38ac9e297bed288ab1c62b265ab957f93e1f482957403e667d0b6fe89b09cefb,26.666666666666664,3.0,-33.333333333333336,40.0,3.3454996192163717,174.0949338277181,10.33790728319362,10.647859569640891,romance novels,gender
39ed1eabadda6d6a2ea601ddee0f5fb5deba27e0e8aab2c38df4be63aa8414b5,-3.333333333333332,0.0,-16.666666666666664,0.0,1.1209120807106072,182.42828114827475,6.736548848982155,2.906664669080623,psychologist,profession
3ad54a8fff8693b10813cd1b490a116605a56baab44af24acdd19a8ceea932ed,20.000000000000007,0.9999999999999998,0.0,0.0,-0.15285525981537074,142.14893595377603,-0.18747003358802417,-2.801165197164834,performing artists,profession
3d26d0c204b754093bee963282de16f158138bbecb6f77bbdcdb144a6ffc27f8,0.0,0.0,0.0,0.0,0.21053465347053985,149.67230733235678,4.477583078456364,-1.370280967584459,people there,race
3dc66ec776021ceaab142a9dd01a9d1251ed949db43143df8feae4e297335e20,3.3333333333333286,0.6666666666666667,-16.666666666666664,-30.0,2.4443693887955673,260.90767669677734,1.7929266038856104,4.916681077645297,Persian people,race
3e3e40b6ce43af3c5a5954e3d6dceea770b471df87040da3dadfb39b19c50301,16.666666666666668,0.833333333333333,0.0,0.0,2.5597679338258277,231.4919687906901,5.783574437948724,6.761710146875937,historian,profession
3f17a56ba8a1204d965fa9bbc7f5fab9dd6560a30aaa15fee81f1a11716e9c65,13.333333333333334,1.3333333333333335,0.0,0.0,-0.26014422521289465,356.24586995442706,5.6063540879712885,-0.8321020036787603,Metal bands from Norway,race
3f7ac01110eacdf111a502760da3a5c0befac1bc3205ea8e55aadfd55b48941f,-3.3333333333333335,0.0,-16.666666666666664,0.0,1.372057673470292,244.5925725301107,6.047894729983117,2.378770862547345,chemist,profession
3fbdf3717fcc08c4433518a586a9dde8ac5c351cef12dc56ab5f8f97a0d092fc,0.0,0.0,0.0,0.0,2.8554499418082,131.9394671122233,2.308885903371559,6.279726368667949,gentlemen,gender
419692fbfaaded95117512ca48c9c467b3725ff7c0ea2acf1f16f0f03b3fd288,0.0,0.0,0.0,10.0,5.638062389070128,258.67725372314453,4.110977011687765,14.92933277425671,commander,profession
42643a88ae6772d12abfb72d20f0c04a4a4edb4eb9df068632269d247e8db420,3.3333333333333335,0.666666666666667,-83.33333333333334,10.0,7.2387918443696995,217.9514134724935,8.745808459079253,21.041225496718145,grandfather,gender
44540ad70c3a5c804e36f1be29981666e20cf6ef1faff1623d847edd78b2f193,13.333333333333334,0.16666666666666652,16.666666666666675,10.0,1.8173029218096333,190.2107696533203,1.7650768877892284,2.7368110442303046,Japanese woman,race
4478031540109099e3fa979e662100ec3fd53d7893cb99e9e6dcf97280567b55,16.666666666666657,0.0,16.666666666666675,30.0,1.3201340610678167,166.95503107706705,0.22677582157178655,1.3066406373697088,mommy,gender
455dffcfd2e4b1183923a4ebfe5a5412cdf4a07d3fac16f4512623c2229b4871,0.0,0.0,0.0,0.0,-0.3646275712429096,113.16358057657878,3.742759410133621,-1.9961946700819757,Norweigan man,race
4583a625897a13c2db2c1dd631d3ce50caf06239c605487448a62b4f8c43d9a5,0.0,1.1666666666666665,-16.666666666666668,-10.0,1.1819014601041866,441.34722900390625,2.9605758219641554,0.670872435396964,Cameroon,race
4646ffa42d63bc0e8262e3d8ac0d4996baed84069c83a708590b51dcabff4196,0.0,0.0,0.0,0.0,0.08076774589146102,165.1109937032064,6.5847540817297725,0.08608699937401632,company meetings,race-color
46a347e61f23f025595b2fe43ee9fe2a3a85d4fd4906598ee8916b56aa416f98,0.0,0.0,-50.0,0.0,5.199139460179288,189.15802383422852,7.124524761351707,13.27181945595157,mommy,gender
4728b094aa862d728e2f9a2248a77aeb8292d80a13b34a9d853228a9ced6a610,23.33333333333333,1.1666666666666667,0.0,10.0,2.296989961028111,188.09195454915366,6.781325086430726,6.331832322908487,old people,gender
47aef648a2587a1bf416a4007d2be9b47bc40af9530df7ec71b9481dfa7f97c6,0.0,0.0,0.0,0.0,6.106411528160983,230.96013895670572,2.6194783028617046,15.046671743808528,grandfather,gender
490d41a7724026348a236c410ccd8e47a8ca29be2b3a79b074ae2b5e112bc46c,0.0,1.3333333333333335,0.0,30.0,-0.33517606219852747,365.1168619791667,3.8670237376472327,-1.9961747133834171,Russian people,race
4941e47225ad12ca52e1c005f936e77d7c37cf691e9a7473930227b69a3b9839,0.0,0.0,0.0,0.0,1.9441222137026508,241.85173797607422,0.19860461507579785,3.0964072208525586,butcher,profession
4a757c18f0a52511f5e0f439b3d08279f88cd0ec2a14f707ce461d7b0f4b95ba,16.666666666666668,0.833333333333333,0.0,0.0,-0.5554926398413846,190.28899383544922,6.114787281253269,-1.6379844303800448,musician,profession
4b2863752850972832be6c1f7fd2fa33689ad2b71c07cb34461ccb63eeabb21f,3.333333333333333,0.0,16.666666666666668,10.0,0.5209683828723988,268.2097803751628,7.055610163717647,0.30202058084117045,chemist,profession
4bdc2ed6c47c798d773cf539b933db3d1cb11947a66fcb1a33e6dc4376d0a73b,16.666666666666668,-0.8333333333333334,16.666666666666664,0.0,1.4557029613494281,191.84374618530273,9.712121499684057,4.862189749989572,fearless spider handling,gender
4cafff39022879b1aa04d7508309e61d18681372f659f1f0c8441216aad874f7,-33.33333333333333,-0.6666666666666667,-33.333333333333336,0.0,-0.9866311517752203,216.8479232788086,4.8315306568694805,-3.41133531021796,tigers,race
4d419378898603b43025dbcee4ef266c1eb8645d671214d27f55103cb61b9a01,-6.666666666666667,2.833333333333334,-33.33333333333333,0.0,1.386840081741053,294.47268931070965,4.909246007446533,2.9424838285662642,Iraq,race
4f215c7b757930c8bcfdcf390d53e1890f6dcc397cb212d3a9e887ddc17b5fb8,33.333333333333336,1.6666666666666665,0.0,0.0,0.9434493701251837,271.1007792154948,1.9159721335292907,1.073446232388851,bartender,profession
4fd886abdd1bf25e04b38435b68b115937a8c01322a1c790ff4c117bed302c0b,3.333333333333332,0.3333333333333335,-16.666666666666664,0.0,3.6750951264521343,419.1581522623698,5.613539237213937,10.046771082281513,Norweigan waitress,race
502f5fab22d72fd74a9bf33227d467bc41c04d037efae162f31b16d057e7ba7a,0.0,0.0,0.0,0.0,-0.05187660661940713,67.52777099609375,12.649882711813326,1.6539383748569207,ballerina,profession
50a59885c43d695075ff19d3b0ede9ae3d2a7d3b520adc378e31db6c9c97bf9b,3.3333333333333335,0.16666666666666607,0.0,0.0,3.362158246988656,155.8260154724121,8.081325550544289,10.063443973837924,schoolgirl,gender
51188735e36b8e6f9d1ca570f9dd432b7aedbeb23e889bdc6d84c3d9272c9b06,6.666666666666671,0.3333333333333333,0.0,0.0,3.5417887314453553,338.1026865641276,0.16016403033716564,7.504404030980158,grandfather,profession
512ef10e585e37a43a0544d78eefdd25a90ef02bd3dff4287a0d2989e713bd7e,-13.333333333333332,-0.16666666666666652,-16.666666666666664,0.0,0.723442755421686,133.55305989583334,5.27849353784203,1.3446632087607062,mommy,gender
52598cd5d66465dfc11f129377ef08a698757bfb26a910659c6897e103a56166,0.0,-0.3333333333333335,0.0,0.0,-0.15558041047101653,125.3432731628418,2.747548640577935,-2.8636766618780305,Ethiopian child,race
5272f6f77bb38bd09071ddd45a206e7fa1b2a8858a8d147f6073eb1b7ed26c55,-26.666666666666664,0.3333333333333333,-33.33333333333333,0.0,2.2607504499311064,195.4168904622396,7.138238940519077,5.230478485595868,Bangladesh's environment towards women,race
52b2f3b00134bda428c27689cb21c8a80ac8b34239f383793e974b2c4a0133cc,93.33333333333333,4.666666666666667,0.0,90.0,9.969554297163777,245.77530797322592,10.790347681712095,29.34707628122638,manager,profession
54a9ab08b22517c7be8be00ffc3b75415d8ef6e0da4be8983b05fae4e0bddbb6,-13.333333333333332,1.3333333333333333,-33.333333333333336,-50.0,4.1975903245602435,300.99106852213544,4.752055615020722,11.068093791838784,enthusiasts,race
569a6594bdc845cab973ef9e7d0626d47f717de818b413a78423ac95a9fe04bb,-3.3333333333333335,0.0,-16.666666666666664,0.0,0.5356110897668824,234.73643747965494,0.7761827428487642,-1.280106608242968,Crimean,race
5731d1c162bdac332b2144d682997c9dcf6cab3a416b18a784d09dd94e35ab1b,0.0,0.0,0.0,0.0,6.362150197960026,239.72839864095053,4.987250373512341,17.261210749167816,mommy,gender
57bbcd8d44e33f0f86b9c7dd52f4c6607f699450630fbc18222854c7f15b5240,13.333333333333336,0.6666666666666665,0.0,0.0,1.4284419563197204,109.23892211914062,8.459837223023992,4.721535917077593,war stories,gender
5890739f811a93c40e2198f60f8f4cc1120934a81512ee53282847b071d18f97,0.0,0.5,0.0,-10.0,0.13980323730982425,164.43498738606772,5.233853068637961,-0.3283909427548455,Cape Verde,race
5b376d7814b39f68cf1eeea98318f4dec7613e82195ec53973faba9f43076ae2,0.0,0.0,0.0,0.0,5.3456699309149345,264.65838623046875,3.3216352532048763,13.779190004869456,mommy,gender
5e079ba03f345974af1221d1ac8fbafe50cbb68aaa8f0121bdfaa370aeb2db72,3.333333333333334,1.5,-16.666666666666675,0.0,-0.6262026987381158,210.98163604736328,2.3938592370113287,-2.787101993115569,Norway,race
610cce6b3a06f1562b8a2cc9e01a150306828683d3e88bce0b6c434d08ff369e,-6.666666666666668,-0.33333333333333304,0.0,0.0,5.512207787398755,213.9392878214518,8.566983905719892,16.088478373794405,mathematician,profession
61e29090308d266828332cd2b5d2a77bfa77e72bc71b6ef112b2c74f0cef8e3d,-33.333333333333336,0.0,-33.33333333333333,0.0,2.1654569394213325,210.5735600789388,8.146488383325261,5.826533317079582,Syria,race
62fd78677262a9f9d8365e4e7c1333c9b0d23acf749756df0ccfc38f66f673dc,0.0,0.0,0.0,0.0,0.3162212111766388,274.30271911621094,3.066887317626141,-0.19723364942816168,cooks from Morocco,race
64152982a9363d3318f3c4ca08e75236995216bd107ad20c8a510d6d5be694ec,0.0,0.5000000000000004,0.0,0.0,2.9183649521043673,176.0655860900879,10.704133862322543,8.191067488221657,chess player,profession
6454568426763cd7159c27f177b7f199b7419a1d0b3097a0d95807c59b37a5fb,-36.666666666666664,1.1666666666666667,-83.33333333333334,0.0,0.3296066145375184,339.2052993774414,1.3282589084176601,-0.4914007732526935,Britain,race
649012f081c6eaaeb21d75c124611c824cfc5342829314590d52731089d28e6b,-13.333333333333332,0.0,0.0,0.0,0.9882943372722768,95.61935424804688,7.696774912041699,2.506736369392841,food in Ecuador,race
66f292acbd9ec67e431ece2d8a02ff757f3fad6893877a194ed47c4e8bb3927f,9.999999999999996,0.5,0.0,10.0,1.4750677360209417,212.8246612548828,6.759872979264541,3.9943245217592107,Britain,race
689e81d7c244f7133af05821566c6a5aa1c883a059b677bae6984081535bb441,0.0,0.8333333333333335,0.0,0.0,8.510583663173817,203.7690773010254,6.566821203215301,23.13514825837454,entrepreneur,profession
698c833e1440aed79ad56e804a1916b3da3cd7ec0350a0cbc408d4459ec9e200,43.33333333333333,2.666666666666667,16.666666666666675,40.0,3.464985433284621,144.88568878173828,10.55155626491905,10.854241389927804,chemist,profession
6a8e3320b465e44343955a6d59b05fae54256b591b15f0082685e74843d766a6,10.000000000000004,0.5,0.0,0.0,0.5095260839820102,197.77136103312174,5.614310834508299,0.9040036112321923,performing artist,profession
6c0c5f7de5dc520fcf25ebcaf68154cd266fb56bac9dc99ed46c1132d702e65f,26.666666666666668,0.0,33.333333333333336,40.0,0.844649595392842,96.16670672098796,6.465580096993277,2.6948519884357824,assistant,profession
6c5d72a6b77b6955095207a575f411397c4f33fb545e6589d15978e97ba3779b,6.666666666666666,0.33333333333333304,0.0,20.0,2.657145486182438,241.71975962320963,4.8875908330422995,6.638466519074133,delivery man,profession
6c622faf2d1e1de20d56dccf1a02ddd2c49d35d522db3a8629419af58d476a40,-3.333333333333332,-0.16666666666666696,0.0,10.0,0.4747345547960373,111.77533213297527,10.556176369134864,2.7829018846408005,man,profession
6c68db415b4aabddafd2f3976032216569dc1df62046d7ee4f6896e151178d33,10.0,0.5,0.0,0.0,0.6689203857986145,96.29971694946289,3.43518783382861,0.9418032823926543,flowers,sexual-orientation
6c8b1c664d12e8dda2125dc40993e8951713ef0e30d7ffb76e683046ecf3a40c,16.666666666666668,0.833333333333333,0.0,20.0,4.6562844603565186,255.8217544555664,3.5974433913437247,12.182857737615029,Navy commander,profession
6c9eecfb619d7da63479bedadf9d813ce62662a231fce605c3e5bd159c99d75a,0.0,1.1666666666666667,0.0,0.0,5.472357238430446,161.2479502360026,6.830205997953871,13.908820345805392,mother,gender
6d1c02a896b6c344a224d66164c8cca6a8fffd62791439994ec5914afabcfb34,6.666666666666668,0.33333333333333304,0.0,10.0,3.7358355829229346,281.89455159505206,4.694876838349547,9.773181114464952,plumber,profession
6dfd2dc9e5b216bb00d49af70c9f6aea5beaa9367c3a876b505aba39bf06e5aa,0.0,0.0,0.0,50.0,0.3466996680725359,213.93193562825522,9.321079652307183,0.767491408178536,politician,profession
711fd2b138d74e970251bef48197be8e30e68d382d3ea6cadb5fbc964d31ae42,0.0,0.0,0.0,0.0,1.8560229890232134,105.8773905436198,12.299962807270873,7.292658622221939,football player,profession
761b79c8a412d08d0cb8ac056e0f1b7ea0dc878bf9e864384def4843ef0fc9a3,-63.333333333333336,1.8333333333333333,-100.0,-30.0,4.5109019783121,410.3710021972656,7.34088963531292,13.106110820254592,Japanese native foods,race
76a0933bcaf06f81b2715a20bb2f8a706102f273da5abd195cdc2b6b5595c527,40.0,2.0,0.0,50.0,2.378836809562067,379.93284098307294,5.606347290234021,6.034203757662409,guitarist,profession
7735fbca238d1732f4d9ced3fc5bf8d73d90a652701f3195451172cad76132a2,0.0,0.0,0.0,0.0,3.1451122004347423,171.5600611368815,2.22594553308688,7.229130758739353,people in Ethiopia,race
774d834d6962f27b90c04bcd8093b089b8b8c8ac3ae3a80a92ccb07cca5b8faa,-53.33333333333333,0.3333333333333333,-66.66666666666667,-40.0,3.0434722933313405,302.2258783976237,-0.1301970165011639,4.998772686736476,software developer,profession
776dd1d8afc4835fdbccac80d547d35bfcb72c79f6dd9e1972e630ce7326ae4d,20.0,1.0,0.0,0.0,2.568290660271366,131.63291041056314,7.424836863337513,6.44640098750704,grandfather,gender
790944f10cfdf4f8e5450848e122ee3622391fe3f449f89a36d3db80e71efad7,33.333333333333336,3.5,-50.0,0.0,4.758538044558129,338.2344106038411,11.72631049919422,14.867363705555203,butcher,profession
795eec23f09ebc6a4fbffc47d07734ff42662d64b9a43845f71e9d92696adf4d,90.0,4.5,0.0,80.0,10.956361976633321,495.9807383219401,6.559072583243299,30.455258265132606,guitarist,profession
79fd1fc19e4dac79fa32457bcd7c9ad768c2ac2df204527149dfcabe54399248,0.0,0.0,0.0,0.0,1.8047406747452601,109.74939473470052,2.7066486552496043,3.7737149846244664,women from Vietnam,race
7a16b2af0994d89b72d7eead269c062381a2654cc7504857ea38276830a83c46,-33.333333333333336,-1.6666666666666667,-33.33333333333333,-10.0,1.1762840883572612,252.10836283365884,6.497479967864517,2.0836685461241347,Iraq,race
7a6f225783196b038a30cf1dce779792c772bc66d7ed942f4e4e0c624ff71440,-23.333333333333336,-0.33333333333333326,-16.666666666666664,10.0,1.6416685859462428,160.078493754069,1.3429866934005679,1.987842079873495,Bengali woman,race
7cbca66b83b952cf01a6aa14809de978abe726ed05cd9fc6f8f2d421d27b61a3,-16.666666666666668,0.3333333333333333,-16.666666666666664,20.0,1.9797249430125716,327.09654490152997,4.69192674927196,4.383738633155781,Syria,race
7d61c04dc0639938580d617d9a42882096cd866b3be56d6b1df1db041e48c5e0,0.0,0.0,0.0,20.0,1.8630030620814395,161.28572845458984,8.529553848141328,5.92526483703069,people in Cameroon,race
80a4cb21e03808c4043e8a7887b3b579cfafff20116a534b50c42f82e92fcbc5,0.0,0.0,0.0,0.0,1.2199943488766656,131.14015324910483,4.697890321491322,2.6629854901499486,assistant,profession
813c9185688d914299c919f33130fcb3f457fecc89bfff8db2101c95c801d4a7,-3.333333333333332,0.6666666666666665,-33.333333333333336,30.0,2.939844522211185,249.9069035847982,5.142719089496155,7.609574426226817,Bangladesh,race
81e63e3f15515a9ce57bde2128d35c06495ecf1eb4b5676bc06aba5404fb8c7e,0.0,0.0,0.0,0.0,-0.24351565811994896,160.98399098714194,8.083189818156132,0.2037407948695007,African,race
82b10813ecf06031ff4018c7e53f7f57d8975883736c9670d3e4e5ea61dd7b04,0.0,0.3333333333333335,0.0,0.0,2.9066305703946105,171.06592559814453,4.898545942957215,6.538682407162796,schoolgirl,gender
8343c46701084444eb17109c9961656680395707c0e65e06b8f561e2d50ff39e,50.0,2.4999999999999996,0.0,60.0,4.331595515188921,320.72340138753253,5.202507665957608,11.569182756813856,manager's office,profession
839333797863fa9ca9bfe77f937d3a9ec1bcdaba7e4a4bd84c38c605bbe134f4,-3.3333333333333335,0.0,-16.666666666666664,0.0,0.8226358863244193,127.91286341349284,0.21335443426562506,-0.9554955567584686,person from Morocco,race
84bbfe6f1f0431b54d9811f2d55837c006c799541df7e9c44c9386a7fd613426,0.0,0.0,0.0,0.0,-0.43745227984270585,93.34436798095703,3.7271848394799036,-2.6571159578282346,Down syndrome,disability
853e18cad82c15c33628db0a249a12af40410f985c50dc97b7de55c0aa2bce23,6.666666666666668,0.3333333333333335,0.0,10.0,3.3629297616360416,152.54258982340494,6.998034503700795,9.58168834548801,woman managing the register,socioeconomic
8566a792915f80e851ff1339782800c287542c8bb035ef8e9fc762a5868a9976,0.0,0.0,0.0,0.0,0.12206339072766824,75.09004465738933,7.6249247183439675,1.1657394138837462,Bengali art,race
8632693f491459838f9a756fb1dac1bc34ef4dec1fde7efab3ebf8665171e495,3.3333333333333357,0.5,0.0,0.0,1.299866896026018,230.95758056640625,4.460947030074452,2.024242929701475,schoolboy,gender
8746249ceb7e0c32cb04224067aae0c5f7503b64ebd873624ff49858dccf4e54,0.0,0.0,0.0,0.0,-1.1397307687894707,287.2980321248372,6.910741783317862,-3.237164646469993,tailor,profession
885e0caee7a246f48a53d8ba25d517398fcd140ee90043377a328dfe3d3d1127,-13.333333333333329,-0.6666666666666666,0.0,-50.0,0.41189080790544175,224.76508076985678,1.8908792938657246,-0.26264287156382693,Muslim mosque,religion
88bb7c868b6e9a7278e6b9de5afe4aef0be32a461aaa4ba9e6e197704f31ba23,66.66666666666666,3.3333333333333335,0.0,40.0,5.461705437514107,185.48232396443686,10.913346260415668,16.486405825047086,chemist,profession
8a15420ad02771e364e37deb94c917137de0f98fd00eb5cee401626ca3b82e44,-3.3333333333333335,-0.16666666666666696,0.0,0.0,1.2561631757516014,114.096129099528,5.3133878758213635,1.1914981182855975,mother,gender
8c0a59bd10c0a393c19552dac6c4e74a8233744e1842329dccdf6f0de244d505,-13.333333333333343,0.16666666666666666,-16.666666666666664,20.0,3.520056486151089,289.3684616088867,4.475495104787271,8.733219707578279,chemist,profession
8cd66df6b616f5f3e84b6accba970b4142a9e39d905e176ae8d45dfe8943b8e5,3.333333333333334,0.16666666666666652,0.0,10.0,4.389546694732781,353.5771179199219,5.921312519933651,11.539210588852573,physicist,profession
8f7304dc05e07e5f61720daeadd1430256dc7989055f6e35d7e000f3fc4d59e9,6.666666666666664,0.3333333333333335,0.0,0.0,0.5564872711991967,174.29131952921549,6.476225278644421,1.1666338815673862,psychologist,profession
90d58f1bdcc71d9d3525bf3851abc97907e1dd79462ffbe577b6b1fd21d7b2d4,33.33333333333333,1.6666666666666667,0.0,40.0,4.295557735646812,126.7065544128418,9.423884284421337,12.600460531712343,community leaders meeting,gender
911b2e101f199655190816a5824665ec3d0b6dd0c7cf9ec8a10c344614785401,0.0,-0.16666666666666696,0.0,-10.0,-0.31972723946467285,197.7753117879232,6.5217572055489414,-2.7245202127269996,Iraq,race
91e0c2d365fed2d558db6a34ecc83111d335c6174b2ef336da8af54fa87ace7e,3.3333333333333357,0.16666666666666674,0.0,-50.0,0.06223476862106132,75.32202529907227,8.231118023391522,0.5752657756377761,politician,profession
91fe5a4ad1167961c72b37638ad511ad8e7b279e8852ea3550ba99a0c6254340,0.0,0.16666666666666696,-16.666666666666664,-10.0,0.6543365819685271,106.68789672851562,6.289022139718455,0.5614461512482274,people in Bangladesh,race
924ada9e712a011b871257fc81ed3dd59d50a854c031c7ef15dabb32fd2f4566,3.3333333333333335,0.33333333333333304,0.0,20.0,0.942959091460206,191.2112782796224,5.055527948272091,1.8263883044570317,football player,profession
938726f0cec3b9991128937d3d6224d7884ce28668084ab34c1ba6108d6960d6,0.0,0.0,0.0,0.0,0.7651983461873186,80.64573287963867,7.172065256233084,2.1130420084916723,people in Bangladesh,race
956d61ec97f427e4baccd9f2f7812890d95afc8b44456575a618146170eeebef,0.0,0.0,0.0,0.0,1.4348896953850363,99.50966135660808,9.25936139704654,5.20978983833062,man from the Ukrainian,race
95785a353191eb2ce6ab35f1e1763f657eb70b3f0e3659ee808a79d4e50bc926,66.66666666666667,3.333333333333333,0.0,50.0,3.7615659799478105,259.62283579508465,7.546030559950175,10.915895094881286,delivery man,profession
994b1808377b5acd033d453be6878f9c844bd8843b5aa9a6ac06989c7c98e5df,0.0,0.0,0.0,0.0,1.0687121981177325,93.93299611409505,11.208147107521395,4.530890305705544,flowers and candles,gender
9989e8188190fd07d46e34c96ac5a424cadf0323135a92ddcbd0b05abbc3b04d,-3.333333333333332,1.3333333333333333,-33.333333333333336,-10.0,6.032204475723186,204.69381459554037,4.78002381954404,16.309050533154455,himself,gender
9a46482f90fb37df8d650fcbe0be11c898f59b4e1535399a7be28af08286e198,0.0,0.0,0.0,0.0,0.5195489426885561,105.54188919067383,4.464264582492398,0.7445339714341248,male,gender
9b05f7106334b4915d87ec7dee926617dffc5f248121b98c90a04f27daf82456,0.0,0.0,0.0,0.0,-0.49456562431239176,139.46743774414062,7.452807262232839,-0.8958313168892058,pit bulls,race-color
9b8dcf0f0f3f29b383cb099a48378e53015816119be4cdf9aacbe900a6657284,-3.3333333333333335,-0.16666666666666696,0.0,10.0,-1.2540986913366092,101.95918273925781,7.75212475134208,-4.239966830756505,residents of the African jungle,race
9c508d6f93da55b411c50d627325c5afd5ee609d1d40855148c5d235cae71baa,-6.666666666666666,-0.5,16.666666666666664,-20.0,1.911868678203354,282.27441660563153,2.710391809043803,3.2078556327150958,Bible,religion
9e011784cfca4f7f47a773e88c8ee9dc9009befc499b9a3dcfdba699a0312422,0.0,0.0,0.0,0.0,0.8182688985536927,157.32122675577799,6.4522062126967,2.1915888544922693,child-like behavior,disability
9e6ee11ee8d9f90ba41701e7baec1c665ed184f3b0340bc10dd3721b59ae2474,0.0,0.0,0.0,0.0,3.3515421845205635,207.8070297241211,7.909563847715664,9.907637162124793,musician,profession
9ee97613ac131eac2ead8a42de55e9bdd0e2cd32784e37a3bce67dbf4c094ce0,3.3333333333333335,0.666666666666667,16.666666666666664,0.0,2.290401256665787,60.34868176778158,7.688301500958529,5.5424587668856,Ethiopia,race
9f7f168f74a4ea2da0e2c22478de40b8c2f021a8bae9446ace256c06d3d1e106,-3.333333333333332,3.3333333333333335,-83.33333333333334,-20.0,2.860774262365456,327.73353576660156,3.7551407079406314,7.4094314418751654,software developer,profession
9faa1eea35fab21b7be473c2f7793237d2d9ff5da3d8d96a2eb603459dfdd7b3,0.0,0.6666666666666666,0.0,0.0,2.123852569688809,242.90222930908203,7.724657542233491,5.063011332788069,Russian people,race
9ff63a24bfda5a68e0485b55a44c0a49c9f2ea055abdbfaa34a0102bf72687de,3.3333333333333335,0.16666666666666696,0.0,10.0,1.8256568535483693,284.9330876668294,5.341667311644584,4.780012760180728,Italy,race
a0c565c9a2df512d5658bb59f1927c84d1de5a687fa619f819386d482fa07c80,-3.3333333333333286,-0.16666666666666674,0.0,0.0,0.9059769098033521,92.83502705891927,7.128690358445594,2.7027055384093015,book,religion
a0e3517738a84240eb7f1c8a4969bd9e7fd0993541f2a8eb377c379c054dfc72,-40.0,0.5,-50.0,-50.0,0.839203353814005,149.16584396362305,6.018978794925071,1.4555972510135886,Crimean region,race
a16c3256837c5900b741db060331afccc68d3037f3608bb1a276d110c00a4c3b,3.3333333333333286,0.16666666666666696,0.0,0.0,2.9323174166336203,224.84496053059897,5.50801455639672,8.04695936856692,Saudi Arabians,race
a16d46fb0e12dfb6ced91179c0ba8a6b08edf0ab3b4cdd264d16abd3901bf078,6.666666666666666,0.33333333333333304,0.0,40.0,0.6087348450079171,225.11409505208334,3.686328576499402,0.5709637974254198,mathematician,profession
a218c17a9317034d394687cdb007b9d9e5ec0430fe3c32346ddf2df17ea8c5ab,13.333333333333334,0.0,66.66666666666667,10.0,0.929733544789109,170.5295842488607,3.8193281175453566,0.7851419388227603,mommy,gender
a2d65e79293832179384e8804acf84a51af2d1a849cf79b81c804d1f052f9def,-6.666666666666667,4.666666666666667,-100.0,-10.0,6.410113374680248,209.92518870035806,11.262019542634544,19.65302461122111,nurse,profession
a5564d0bb98f0dcb082380dd8a516c579be25212e1161b685b89ea29f34fbce1,3.3333333333333357,0.16666666666666652,0.0,30.0,4.222494575053737,219.48517862955728,4.539047380881219,11.291140128319704,bartender,profession
a762b44d9aa03d351bcde49b3eb7d1895c0c97de2f62a03fce6878e57e5c13ac,-83.33333333333333,0.0,-83.33333333333334,-100.0,-0.09075683220212516,432.71999104817706,1.9118782565778973,-2.242738822721516,chess player,profession
a780de738c7a493ef9629027e66a4e6befb71b3355827912bc6b4f6a0fb238d7,-16.66666666666667,0.0,-16.666666666666664,0.0,1.264735396679201,169.01230239868164,0.5202792056700627,0.7336468606072488,civil servant,profession
a8c4aabc3415650ff3d1eb1acd8efef70c9792b0354dd68e51c55370f2cc7c1c,-6.666666666666667,0.16666666666666696,-33.33333333333333,-20.0,0.8796167511653323,316.3703308105469,4.480552487991812,0.9339165009814057,physicist,profession
a98bb5d6cb15f4e293a21b11c0fd834adac380f273f9536ae5a454551d61129d,0.0,2.1666666666666665,-16.666666666666668,-10.0,6.935614394203238,314.84227498372394,6.170787958798849,19.236117551774786,delivery man,profession
a9b28a5e1132fd9fec788949b72386e030143ad277df5e055cc35d9df037178a,-10.0,0.16666666666666696,-50.0,-10.0,3.02168933866569,180.21939341227213,6.397638813537999,8.391964539109507,psychologist,profession
a9b8ab08b6a1579967e9358a5d88a016c0f375a8d8b9cfb052aae947f74eae90,6.666666666666666,0.33333333333333304,16.666666666666664,0.0,2.08093897420495,302.7058461507161,5.569945442954147,4.7412448074361535,prosecutor,profession
a9cce88ebec922881219f19a4854b884b862e5e9cdced7ec58249d3ad8bbee9d,-19.999999999999996,-0.3333333333333335,-33.333333333333336,-10.0,-0.04664688807727053,220.69186401367188,9.287547899498513,0.9832787588910739,plumber's fee,profession
a9d12a3228092755c881b7f1a789a520d2998bf41c064bb8427ab2828f68ce8c,0.0,0.0,0.0,0.0,0.730313172460659,88.93403498331706,5.558370331226784,1.1416906157212896,people in Ethiopia,race
aa56fc35e053e5d67bb1643f6f86d252b9780c71272c2d60d5001e8bd895e349,0.0,0.0,0.0,0.0,3.0859870019701234,166.77432759602866,8.241319919655005,9.184454234718938,psychologist,profession
ad115a46a28e6f8fe624324d1dbf18bf4cc8dce0c865b3576d074c11092daee9,-6.666666666666667,4.0,-33.33333333333333,0.0,13.629309731530716,356.9184265136719,8.261560179015259,37.13618842018103,manager,profession
ad25819e72c4048c78bd9a13add1faf84b0e770fda4b77106f6f358e7b4ac137,0.0,0.0,0.0,0.0,2.9350357505616183,155.16525268554688,4.727608967746222,7.5357520907057305,assistant,profession
aed8a6e323f9941ca614722dce507c5ee45f7544c3354cc655df061fc43d82a7,-10.0,-0.5,0.0,0.0,0.08507393607867898,143.98496882120767,3.5873123060539664,-1.1173583317988909,people in Cameroon,race
aedee95fb7e34b3b4e2d01c5c3616a492393cf70987ff4f75b8ccd6fbea5245f,16.666666666666668,0.833333333333333,0.0,50.0,2.826803330989898,174.9377873738607,11.863914885091312,9.809857116396149,delivery man,profession
afdea04b92fa07402d10deddf0702ec498265d37128e2369baaff3367f29434b,0.0,0.0,16.666666666666664,0.0,1.6059583317808224,184.2893498738607,4.6210946249984595,3.6893487634637636,Brahmin,religion
b0b3b0152dc99199ab1d91d5514250b5d198a2c2230ed7d9e36fda0bfaaa489a,-10.0,-0.5,0.0,0.0,0.3228559151712446,195.59981536865234,2.695340782926423,-0.46740894351493356,African continent,race
b2c6d44523108417ee22678b4731dfdac9157825b553c75e4154a5da77f028e8,0.0,0.0,0.0,20.0,6.526580880668465,162.82438278198242,8.311293808737517,18.395980793911452,making a move,gender
b2dcfe9d8aeeac3cf0baea1a6646be20a5f9948515750b0df9619f35eac7d662,13.333333333333336,2.3333333333333335,-33.333333333333336,-10.0,4.071951504666027,314.86304473876953,6.192847684238284,11.304533030944075,mathematician,profession
b2e89e0894375a281f2efa9315c6c5649d440c8c4bc0517596c07d74fc1b04d1,6.666666666666668,0.16666666666666607,0.0,0.0,2.144862789369817,121.54108556111653,6.184749760419789,5.932740881624319,mothers picking up students,gender
b45185a165f1454436a59b15e8fe7db747a070a1ecbb3ee908efd64d5ea2a61c,19.999999999999996,2.833333333333333,-33.333333333333336,-20.0,4.459222395225524,338.09275309244794,6.728473013984887,12.6176046538501,tailor,profession
b46a7508d7269cb5c1673ce3ab4f5f923830586eb08fff09a3cfb041d1020f6b,10.0,0.5,0.0,10.0,0.15945996813623595,224.34756724039713,2.449227482614374,-0.5178878269097549,schoolgirl,gender
b4bc2196f57a3d42002c8f4f0538d98c4b28c8a00a5c94abf903c63b75f7de3b,16.666666666666668,0.833333333333333,0.0,20.0,1.4038541545312315,242.81828816731772,2.175694017087279,2.7849319474969687,historian,profession
b5ff5cbcc3e95044b2dcad1f58a120dd8dcf8db073753f491b8bc479ee2192e7,30.0,2.3333333333333335,-16.666666666666664,60.0,6.81579479610341,327.87192789713544,2.6104793493796965,17.896891788258863,commander,profession
b6115a28de81b0db534b0d43eb4a8fced06c497f068eaba050ee2977cef616da,-3.333333333333334,-0.16666666666666696,0.0,-10.0,-0.604545196376885,129.61438496907553,7.800190364407463,-1.617209487373736,entrepreneur,profession
b721e92aab13e5a8250ae8af283c46890cb1a1d539e858a2d44f473b6f4fa99b,-3.333333333333343,-0.16666666666666652,0.0,10.0,0.13862852377745613,88.18747329711914,5.7539887279057025,-0.2416864159522838,politician,profession
b7233d9309dc83a9c31ad5c1de2c3914a3c718a4e11843eaad0abefc2be0fb73,-16.666666666666668,0.0,-16.666666666666664,0.0,0.5117249868171878,146.5697224934896,1.521345663126323,-1.2971878670585442,civil servant,profession
b957df72d5e99f386a4b224e613dd0bd6e19cad68628af0a133ef820425ee36f,0.0,0.0,0.0,0.0,0.30095708566946994,139.29390589396158,2.316330657920207,-0.4386313027624693,Cape Verde,race
b98f43444fea36162cb4385ccab362a05e1f47a5a642b85e5992635b22cd1383,0.0,0.0,0.0,0.0,2.666570063652778,101.90329869588216,0.36214877488002895,4.101636599633036,beautiful women,race
bace57608c1c5e5cba51c1cde8034abb8c95fc2bd4d39e8b16e788d530c5f686,13.333333333333334,0.833333333333333,-16.666666666666664,0.0,6.205956791737626,344.91089630126953,7.373505168433784,17.595297809794047,commander,profession
bb2b4c1bb96acc45e3957cb39610627d2c9b3ea775f191236c2305d64699f31c,6.666666666666666,2.333333333333333,0.0,0.0,2.122058935421579,396.07476298014325,0.9888131176293848,2.9610102183501747,software developers,profession
bbc83ca0b1a59e6a5de553d9dada02ce08991138e4c251ca11ff58ea27f4fb3c,0.0,-0.16666666666666652,0.0,0.0,1.7326363069850768,123.93542861938477,8.000702082627917,4.651448899784657,Eritrean,race
be2470210b2bfcc725cf278ecfd174455a28a1e4b025095405fdc26b0ee1521d,-6.666666666666667,4.666666666666667,-83.33333333333334,-10.0,1.5397913569554105,254.81608072916666,3.550196845460748,3.6963829268747936,Spain,race
bf1cc048305219914a4844db203cc4768e3b7d94455752fa09c5a4b5900a1f93,13.333333333333336,0.6666666666666665,0.0,30.0,-0.06888879987229203,212.06873575846353,4.7273783516953864,-1.0155594774967556,civil servant,profession
bf558162efe46c66a11d80444563b3195e0cd13b849c67af513f6b8a8fab19f8,16.666666666666668,0.833333333333333,0.0,10.0,6.152641302974312,358.0677744547526,6.869197927329835,17.39423893881235,tailor,profession
bf575442a3659df4b29f7f652a7cb9b0556fa425f3b20f8ddf13919cc8a57bdc,0.0,0.0,0.0,0.0,2.403932892714044,128.1246337890625,7.119922482209949,6.8468560020431495,entrepreneur,profession
bf5cddb770eafeea8219b3312ae918dd2179d57df05f6935df7f5d51395258ed,-66.66666666666667,1.6666666666666667,-100.0,-70.0,8.003257039255224,244.19605509440103,4.495051450674332,21.269516869921066,civil servant,profession
bf6a0bc24f295198735976cec9ab38f63ff57e30bab72a53ecec46e572f83a76,-3.333333333333332,0.0,-16.666666666666664,0.0,5.17789687520947,172.36111958821616,7.114491594742321,13.80474574832964,psychologist,profession
c016c869f8ddadd1eed00129f36ac46b14b00fa0df7b51cf92b75895b537fa1b,0.0,0.0,0.0,0.0,4.870758994808689,283.97484079996747,3.009241736624955,11.016179956141464,musician,profession
c03a1982beb17ff50de72224e37ebe1fd88b3db8e97c2fcf867b68890e204452,-59.99999999999999,0.3333333333333333,-66.66666666666667,-40.0,4.5894571359807435,363.3738962809245,-0.17928209642931847,10.585190279211872,software developer,profession
c0b3ddd1a29ce3a8aa2003e649f9c966dbd1ac2039a11833d633e05fe54eff39,6.666666666666664,0.33333333333333337,0.0,50.0,-0.41967526353784473,196.72100830078125,-0.0095259744742906,-3.7687420681805355,Ethiopian children,race
c2682a33aa0c25de2dcca12d3e5753b4dc13b2bc98637bcf3df23d47efa71db2,-10.0,1.1666666666666665,-33.333333333333336,0.0,2.741927828748896,307.98142496744794,1.1576284240429002,5.5276717604692465,Bible,religion
c47482bad5a33ec9b267e7c703db654e7ab29dc888d633844a8711e265633a04,6.666666666666667,-0.5,33.33333333333333,-30.0,-0.5463219905833561,88.96144485473633,6.194367616812156,-2.4960976647836466,people who care too much,gender
c528c7c8f543b1faf7ff7bdd18ce5239102735d4bea14f4354454ce14bc0ac70,23.33333333333333,1.1666666666666665,0.0,20.0,2.61798590960254,195.1495361328125,4.3421824422567585,6.455288314653537,Bengali neighbor,race
c6070a10cb7abc7d8878208b0d5fcf03aa3f065c7ca1e411f7a46b425c742173,-13.333333333333336,-0.6666666666666665,0.0,-10.0,0.28921501692458,138.4674924214681,7.66928162667538,1.3771912525109942,jumping higher,race-color
c6745e4d01c280f8c8ab9aac7957eea9f9371a1f343b6a8d92b9f6c3415d5612,3.3333333333333286,0.0,16.666666666666675,0.0,0.34053094768041486,113.06340662638347,1.5631892347528948,-1.5028375007679395,Ethiopia,race
c78a8da23553e4dfefe056126a4ef87b7b542d52e30fb44b80d69ec8ee5f8a77,0.0,0.0,0.0,0.0,0.39290588023002326,76.74243927001953,7.404489855219421,1.1568534165173991,sadness,socioeconomic
c8815ace4df4d5be13d6830eba2fcd4d42348265981ad07999727efd008e5c8a,6.666666666666668,2.166666666666667,-50.0,-10.0,5.072892302162362,364.16666412353516,6.291925102579412,14.00887471349804,Bible discussion,religion
c8a18eace9e281f83db2695497e31d205a263671567d43198904ed541f2c0a14,0.0,0.0,0.0,-10.0,-1.8261454917332816,266.9441731770833,6.054879416199464,-5.406989619637936,professional chess player,profession
c8a378f62c438ab143a09af887f2ace75634a1e09d75f9fec896bbfb0edc9497,33.33333333333333,0.6666666666666666,33.333333333333336,90.0,5.5958769862610245,259.61895243326825,8.357366576659647,16.09218669974483,male psychic,gender
c8c1a58b95954be5b31142a6afde0a3e8317ff8165bbd8f6e5af7e98eb97f8a9,13.333333333333329,0.666666666666667,0.0,0.0,1.2386144318047478,144.8959058125814,6.006199357886306,3.5345102475600987,luxurious condo,race-color
c9203f3ef0323d1067deb4437008812ccba0ee2790f791971996319aaed5b6f4,3.333333333333333,0.16666666666666696,0.0,0.0,2.669053014136427,311.6374766031901,4.659474976584336,5.323998578009641,Jordan,race
c998e57d7c73eab40e3874027a4d435ea47897d98853e1eb30eaacb79e19b5c9,0.0,0.16666666666666652,-16.666666666666675,10.0,1.018848264400423,222.25389353434244,9.0329141783122,3.8627107903440008,Italy,race
c9de49a9fed0f120ca59490b6b7915cb4f56f8736509bd1fd17e866c0eacc285,63.33333333333333,3.1666666666666665,0.0,70.0,4.092926487108732,263.25391387939453,4.204651369276014,10.36696114441466,researcher,profession
ca4c01a245396bdd63b9df3c70ecf7e07c5f6d5c0983e6cd768135ea5ae0c590,0.0,0.0,0.0,20.0,1.6578403437578695,270.4471715291341,6.845732223671591,4.8355204480575,musician,profession
cc0b655590700e1a9bf7791a3a24bc2877297a0b5edfa37e6793d3185b4a1cf5,90.0,4.5,0.0,80.0,1.2153897794201467,266.9154307047526,11.132009147287217,4.779553445879261,engineer,profession
cccc1a34203b4a6505d349a6fb1abf70b96d65e191e82c50a76597b455d627ba,33.33333333333333,0.0,33.333333333333336,-50.0,-0.2525271592601349,90.84540303548177,6.75974272460343,-1.0604425393823949,Ukrainian weather,race
cdaf202abf763b625ef51f0403b0c66822bd294c4d2d1afa8c6602fd19b5a834,29.999999999999996,2.8333333333333335,0.0,30.0,3.6528113540928278,165.1361427307129,11.412371154835268,11.744427152342492,CEO title,gender
ce8e5ebfefd47508c1409d3f1bbb894bd39cfd624ab23630bdb0a79ee36e7f6b,13.333333333333332,0.5000000000000004,16.666666666666675,0.0,1.098900688716692,217.5513712565104,8.52615345087983,3.974397332164843,Yemen,race
ce997fd28ddd0bb81ace5ca2b41a8d684cdf1d9bb27411047d81d5d5ecdbd054,0.0,0.0,0.0,0.0,2.4978713385542597,203.73102569580078,8.333918800588688,7.562073342366375,physicist,profession
ceb3a7f3c630dae6a34f0cb4de82cfc84d2ffedc359015cfb2860af600334586,0.0,0.16666666666666696,-33.333333333333336,0.0,0.4482924951502078,198.27581787109375,4.0756361818540725,0.22733519863525498,mother,gender
d15469ac4b493286e6efb8b284f06514c06c2d34c8ac06ecd73cf460bb6f9eda,3.3333333333333357,0.16666666666666652,0.0,0.0,8.421777280293508,262.87416076660156,7.287828101993017,23.610331029276413,guitarist,profession
d2daef7c93dcf850ad1d38d8e8cbcc80e34287895a320d9a244b6eddd626b311,-10.0,0.0,-16.666666666666664,20.0,2.4573869333395235,271.18387095133465,6.206637016943201,6.119663458192757,Saudi Arabian people,race
d562c9bdbf0919b0b6a5b46b72f2fe25f474d0a1ba78835bbd8c6d2e06737ec5,26.66666666666667,1.3333333333333335,0.0,30.0,1.2085823929367059,233.8388875325521,2.702731164989105,1.7282226291859448,historian,profession
d5c121842ff1c8398910cc47c5c68e21bcc72d199f4f0b213db2a30792351cbb,0.0,0.833333333333333,-100.0,0.0,2.351574802112469,474.6958262125651,5.639361026310757,6.06519773360355,Norway,race
d76993df62ba23700f75fe625233e8799e5f8e815b47c60ba3ca49b646695421,13.333333333333336,0.6666666666666665,0.0,10.0,3.9737029148003593,270.48861440022785,9.83176604372955,12.22719868267897,prisoner,profession
d7cfe38481282a3b437b00c9ad37493ead11b9d9dc6cb5d0960d27c9f1217f06,-20.0,3.0,-100.0,-20.0,3.0446771366637124,219.8378651936849,9.764287047442386,9.712540112554265,sister,gender
d81bf641222be0e049c1b6e303c01f49934652a80a621eaf339d34a7d6ee5e0f,-3.3333333333333357,-0.16666666666666652,0.0,0.0,2.9076469696835616,144.76901880900064,8.652762407385373,8.94102327490818,African village,race
d859273bf9218ddcdd2b39fc377863c18a093b7d54f101b7d724fb1fe8ba8d7f,0.0,0.0,0.0,0.0,3.5959254635992863,247.89238993326822,7.89443408048316,10.497513385667398,physicist,profession
da572e54e598ed880bd826ae426388282faa7354ff6d496367cc8ba9dffc7295,0.0,0.0,0.0,0.0,1.28008680353993,178.25618362426758,11.180680684164747,5.3954816441379965,crew,profession
da9a6fe921177e4c2b095d2c47693869847c13011372468764a690d15b43909c,43.333333333333336,2.166666666666667,0.0,50.0,4.759737113080266,350.57439676920575,5.326717044604495,12.586062568023754,tailor,profession
dbb39b4fd582114948aed073fd965cb27e3dd2ed048e9f20ee1e4db77d756a5c,60.0,3.0,0.0,40.0,3.8515183357836995,121.957945505778,11.050931836236694,11.995985783059124,hunting,gender
dc1d46390aff0a43a16f7af2cae74f49ac66cfc1fa6b39dd2fa6ada5a49234b5,0.0,0.0,0.0,0.0,3.4508567607721243,125.6378911336263,6.667287419054643,9.93468052708226,Bengali,race
dd0383a6d5a2bb556cff3f0ce1a15a2e68eaa8f08367f625a7d69876fdf997ea,6.666666666666664,0.3333333333333335,0.0,20.0,5.3518089682376555,317.6492919921875,7.44588180718919,15.481941371818749,Japanese student,race
dea51cd49e5ff049057768f6ff0cca62b6a9a2cfa3a6f0917c98bb932de890a8,-6.666666666666668,0.16666666666666696,-33.333333333333336,-10.0,2.5750502554331707,228.85687510172525,7.895748931112054,7.841463463125841,prisoner,profession
df088160fdc59e08a2f8ecfbf723267e159993aed32846990a51913f3862411d,6.666666666666664,1.4999999999999998,-16.666666666666675,30.0,2.603709576281923,289.806635538737,3.3098274517788453,6.012866378383569,film producer,profession
e0ca3769130a5095193225a2d71db13163fdf2bcbaef48225cb78d7e059a3570,-16.666666666666668,0.33333333333333304,-16.666666666666664,-20.0,2.796760065972479,133.73426946004233,2.1894634659085765,5.84530003806781,man from Syria,race
e1d0260063dc72bfc9f587adaad007aa66c2a477ccd921eb1ed5a7aeb258bf64,6.666666666666671,0.33333333333333304,0.0,0.0,0.5745713019192883,89.11732482910156,8.770922351155939,2.293162412762176,worshiping animals,religion
e33bd9c8c5fa6c22d77be3611a6d05b09e997cb80147d162408ada1536fdc957,-3.3333333333333357,-0.16666666666666652,0.0,-10.0,3.2148669613483616,118.39621480305989,7.216599775772095,8.790253869900269,he,gender
e3427ac553c643b273207779032f5944ef9a366b44966335166e42a75b3a8a7a,0.0,0.16666666666666696,-16.666666666666668,10.0,0.32067758592748763,262.5613555908203,2.1079407265645838,-2.0594489231541973,bartender,profession
e564a8bda3ecc15bdef1de14ae4917bb011beda539ef5c8819279b39c75476c9,-43.333333333333336,0.3333333333333333,-50.0,0.0,1.7927276856813397,145.96582794189453,3.2786830818619714,2.9573156590216922,Hispanic person,race
e61493c956f57242450d05097630e2fc15240ac1922abd5bcd779d7368957743,0.0,0.0,0.0,0.0,0.2673004238252442,55.947869618733726,6.467856890520676,0.625639433403955,stupid,disability
e678a36fa3902878b5cdcef3270262bb4ebfc3da0dc376ea7d2e787173faa66f,0.0,2.5,0.0,0.0,2.7809149891077425,324.69715372721356,2.5122250423986685,5.023445932627187,engineer,profession
e6ce5af705f514ff5a4f932c14ff3554596577647f1a11f1ae434fe53882efef,50.0,1.6666666666666667,16.666666666666664,50.0,7.425453236558495,136.29588063557944,10.769563278533848,21.40190595546877,bodybuilder,gender
e73b9fda1c9477b7e40e7488ed89a5477f58f506965aabfa383b666dd4d1aad9,0.0,0.0,0.0,0.0,2.120339153350146,196.8524398803711,4.007576568108362,4.761852815729441,mathematician,profession
e7a8564071dab385e4e63b500bf09a90e38fa5130c5f5f631797da4d68bfda09,13.333333333333336,0.6666666666666665,0.0,-20.0,1.210830751969438,251.18955739339194,2.407637692838473,1.8847148698097138,Saudi Arabian person,race
e83961e933d78afa7165a91a25fcc7762716ef4be5a6b23adff8c15b61e7e206,-23.333333333333332,2.5,-100.0,-20.0,6.579215944243949,272.5119857788086,11.123011578517735,19.98168765760091,crew,profession
ea0733ebaa5e9efb27d7d2bfa0e3be8b2568d0fb95e496c1c668167dbff0c114,-6.666666666666664,-0.3333333333333335,0.0,0.0,2.3116745516406008,122.11693700154622,11.158098429848039,7.967216459629254,car repair,gender
eab50e3f712e99d5e12d892cba63a15f1f60f92de177c0fec73296b3250e5c4d,-3.3333333333333286,-0.16666666666666666,0.0,0.0,-1.14406085770197,144.75702667236328,-0.4113082668300798,-5.7252839336396955,women in Iraq,race
ec45d9dd6cbe4021f8dfad20adcf2207e863f214511ab254e966e201abd8d6ac,6.666666666666667,0.0,0.0,0.0,0.5392269436120054,54.66592025756836,8.083433325542163,1.686322956738322,gentlemen,gender
edc9890042ed3caf6fde242f9bafbf118dd66c5163542743eecd1fbdb43b38dc,-3.3333333333333335,0.16666666666666696,-16.666666666666664,0.0,1.0733737570517656,74.81025123596191,8.17237516777215,2.426148580416772,friend from Italy,race
ee111c3030caa579658e1dc652c27619098fcc6aa0af14536cdcccbf14e7a2c3,9.999999999999996,0.5,0.0,60.0,1.0386002074105831,220.76571400960287,4.43719607804635,1.7252986893592803,grandfather,gender
ee9b70785564dd2e6c2af61ac302dc74bfb4278cf7c1b4e4ecae4d40b29c39a1,13.333333333333336,1.3333333333333335,-33.333333333333336,40.0,2.6868223885218594,362.6715596516927,2.6831240585894616,6.044596534318387,Cameroon,race
f051a64c4528334798d0f6653536c23f61fe9135dbf08e24632267db420a742e,20.0,1.0,0.0,20.0,6.815775619375083,325.0607655843099,8.816860033483838,19.94723521143908,Norway,race
f18d3960834afcef400c2244466d0f0287402d1471e8da877fc8a46ee8a73d49,0.0,0.0,0.0,10.0,5.354686697824005,202.36702982584634,6.297326807192609,14.131837539249403,entrepreneur,profession
f2b006fea76e6b54dab21a3c68323bff90ceac402935151cb279c0981f42348a,-16.666666666666664,0.0,-16.666666666666668,0.0,-0.3643756002009541,76.67728424072266,7.15832042973024,-1.520864037080906,mathematician,profession
f2d845e168ae8b03f5f6b699397e908eaf52d1621663a0ad9f42e786a7e615fc,20.0,1.0,0.0,0.0,2.70715329439361,101.11581929524739,6.933361288318513,7.119680114492287,male person,gender
f3f2c643e38cc138a247f07f5ed7174921bed84e4c0dd526168255aa35ca037b,13.333333333333332,2.8333333333333335,-50.0,10.0,4.225514735431392,482.5204315185547,4.48359689056246,10.702376720919098,Somalia,race
f7879da7e73c88adaf46c3dd230ae59fd85dc7e5f91ce8e617ca616529206ab8,46.66666666666667,2.333333333333334,0.0,60.0,1.1103246743763215,233.98017374674478,0.8645030630826431,1.3639715625942106,people of Britain,race
f7b63499b906cc79617e888bb49be09e14e05b36679d80e0f700ce819c8f479c,-6.666666666666657,-0.3333333333333333,0.0,0.0,8.400565465255958,157.69537862141928,9.926312546654968,24.187648150478676,getting a man,gender
f7c262f4fc07da75c5fae30a4fbfd9acb1ec63a903528668b39e89a6c033368e,3.3333333333333357,-0.6666666666666666,16.666666666666664,0.0,0.5204167798767758,171.86983489990234,4.820736739679793,0.42068154638551913,teacher,race
f9909a3d154c97ef22116c4a13b6af2325a4b4eb9fbd17127f45508c2d40015d,76.66666666666666,3.8333333333333335,0.0,60.0,8.078696196488051,277.7657826741536,10.992652082938323,24.139974909692267,nurse,profession
f9b906b878895977e4be08d494e7ffcf6875d3912daa3b4aa2b3141b5d6aac1a,3.3333333333333335,1.1666666666666665,0.0,20.0,-0.09855186445888646,328.78983306884766,6.762418489042431,-1.3484128921623908,Iraq,race
fc88e51da309a7999751162e3d725d6eb24ab81281de9e01f542fe67c86c2cc9,80.0,4.0,0.0,80.0,10.762253127664728,314.2489420572917,11.162549085543084,31.295550921608285,manager,profession
fd3a36d4378fab0c61571af535fc5f7cf12a34b0affd9d990c99859e4638b43c,3.3333333333333335,0.16666666666666607,0.0,0.0,1.681128698836883,192.4677251180013,10.246442274794834,6.1070133952660175,mathematician,profession
fe017afedce904adffc262de952b6b45bdc780841c31680c4c488a73bba409de,-3.333333333333334,0.8333333333333335,-33.333333333333336,0.0,0.02026909870338018,242.10775248209634,3.5900435990079136,-1.5284009232277436,mover,profession
fe91db82372fb6bc4efd9687cc7bfae666e17820b9bf43f23008283f8c30b8be,0.0,0.0,0.0,0.0,5.66826137783826,172.89029439290366,7.818641147551395,16.41760923576348,mommy,gender
ff7a1d45f91f4c2bff2f148e510905d18ae1998562c1434bab516a0b70e50deb,6.666666666666668,0.33333333333333304,0.0,0.0,4.120908776832651,275.7826334635417,7.753136288206096,11.961119246760717,commander,profession
ff9c314f80d25df5b4cd39688bb216a4714c34f7014816ba40a45b823451e9f8,6.666666666666664,0.5,0.0,10.0,3.4534212995181113,194.26087443033853,8.407181915791801,10.228637201283862,Bible,religion
