model,contrast,point,ci_cluster,ci_case
SD3.5,G-M,2.84,"[-1.86, 7.49]","[-1.57, 7.31]"
SD3.5,G-all,10.32,"[5.01, 15.49]","[5.25, 16.01]"
SD3.5,G-B,0.85,"[-4.23, 5.81]","[-4.5, 6.18]"
SD3.5,BG-B,1.3,"[-3.5, 5.96]","[-3.56, 5.83]"
SD3.5,M-all,7.47,"[1.74, 13.32]","[2.5, 12.91]"
FLUX.2,G-M,8.29,"[0.67, 15.96]","[0.89, 16.3]"
FLUX.2,G-all,8.79,"[1.96, 15.44]","[1.62, 16.08]"
FLUX.2,G-B,-0.33,"[-8.76, 7.87]","[-8.1, 7.37]"
FLUX.2,BG-B,0.81,"[-6.78, 7.98]","[-6.17, 7.79]"
FLUX.2,M-all,0.5,"[-6.94, 7.87]","[-5.12, 6.38]"
Qwen-Image,G-M,19.44,"[10.24, 29.6]","[10.49, 28.91]"
Qwen-Image,G-all,15.6,"[6.51, 24.97]","[7.43, 24.31]"
Qwen-Image,G-B,-0.44,"[-8.64, 7.55]","[-8.95, 8.01]"
Qwen-Image,BG-B,4.09,"[-1.49, 10.02]","[-1.79, 10.49]"
Qwen-Image,M-all,-3.85,"[-10.27, 2.72]","[-10.4, 3.21]"
